{
"views": [ { "viewport": [ -287871.361196, 6710569.6654601, -287589.499654, 6710947.0732872 ],"end_frame":500}]
}