{
"views": [ { "viewport": [ -287902.413738, 6710598.3293457, -287154.764056, 6710806.1425163 ],"end_frame":1686 }]
}