{
"views": [ { "viewport": [ -287677.879968, 6710457.3985748, -287417.51634, 6710837.195059 ],"end_frame":1686 }]
}