{
"views": [ {"viewport": [ -287417.51634, 6710371.406918, -287085.492999, 6710894.5228302 ],"end_frame":1686 }]
}